<modification>
	<id>Category module</id>
	<version>1.0.0</version>
	<vqmver>2.3.0</vqmver>
	<author>Tm</author>
	<file name="catalog/controller/module/category.php">
		<operation error="skip">
			<search position="before"><![CDATA[ 
				$this->load->model('catalog/category');
				]]></search>
			<add><![CDATA[ 
				if (isset($parts[2])) {
			$this->data['ch3_id'] = $parts[2];
		} else {
			$this->data['ch3_id'] = 0;
		}	
				]]></add>
		</operation>
		<operation error="skip">
			<search position="replace" offset="30"><![CDATA[ 
				foreach ($categories as $category) {
				]]></search>
			<add><![CDATA[ 
				foreach ($categories as $category) {
			$children_data = array();
				
				$children = $this->model_catalog_category->getCategories($category['category_id']);
				
				foreach ($children as $child) {
					
					$level3 = $this->model_catalog_category->getCategories($child['category_id']);
					$l3_data = array();
					foreach ($level3 as $l3) {
						$data = array(
						'filter_category_id'  => $l3['category_id'],
						'filter_sub_category' => true	
					);		
					    $product_total = $this->model_catalog_product->getTotalProducts($data);
						if ($this->config->get('config_product_count')) {
						$l3_data[] = array(
							'category_id' => $l3['category_id'],
							'name'        => $l3['name']. ' (' . $product_total . ')',
							'href'        => $this->url->link('product/category', 'path=' . $category['category_id'] . '_' . $child['category_id']. '_' . $l3['category_id'])
						);
						} else {
						$l3_data[] = array(
							'category_id' => $l3['category_id'],
							'name'        => $l3['name'],
							'href'        => $this->url->link('product/category', 'path=' . $category['category_id'] . '_' . $child['category_id']. '_' . $l3['category_id'])
						);
						}
					}
					$data1 = array(
						'filter_category_id'  => $child['category_id'],
						'filter_sub_category' => true	
					);
					$product_total = $this->model_catalog_product->getTotalProducts($data1);
					if ($this->config->get('config_product_count')) {
						$children_data[] = array(
							'category_id' => $child['category_id'],
							'name'  => $child['name']. ' (' . $product_total . ')',
							'href'  => $this->url->link('product/category', 'path=' . $category['category_id'] . '_' . $child['category_id']),
							'children3'    => $l3_data
						);
					} else {
						$children_data[] = array(
							'category_id' => $child['category_id'],
							'name'  => $child['name'],
							'href'  => $this->url->link('product/category', 'path=' . $category['category_id'] . '_' . $child['category_id']),
							'children3'    => $l3_data
						);	
					}
				}
				// Level 1
				$data2 = array(
						'filter_category_id'  => $category['category_id'],
						'filter_sub_category' => true	
					);
				$product_total = $this->model_catalog_product->getTotalProducts($data2);
				if ($this->config->get('config_product_count')) {
				$this->data['categories'][] = array(
					'name'     => $category['name']. ' (' . $product_total . ')',
					'children' => $children_data,
					'href'     => $this->url->link('product/category', 'path=' . $category['category_id']),
					'category_id' => $category['category_id']
				);					
				} else {
					$this->data['categories'][] = array(
					'name'     => $category['name'],
					'children' => $children_data,
					'href'     => $this->url->link('product/category', 'path=' . $category['category_id']),
					'category_id' => $category['category_id']
				);
				}
			}
				]]></add>
		</operation>

	</file>
</modification>